{
    "train": {
        "accuracy": 0.9925,
        "f1": 0.9924986334420296,
        "log_loss": 0.06221490188769039,
        "precision": 0.99250974230044,
        "recall": 0.9925,
        "roc_auc": 0.9998366998291629
    },
    "test": {
        "accuracy": 0.95,
        "f1": 0.94998499849985,
        "log_loss": 0.12882423577365862,
        "precision": 0.9516826923076923,
        "recall": 0.95,
        "roc_auc": 0.9998366998291629
    }
}